<?xml version="1.0" encoding="utf-8"?>
<extension version="3.0" type="plugin" group="payment" method="upgrade">
	<name>Payment - Paypal Adaptive Payment</name>
	<author>Techjoomla</author>
	<creationDate>26th Sept 2013</creationDate>
	<copyright></copyright>
	<license>http://www.gnu.org/licenses/gpl-2.0.html GNU/GPL</license>
	<authorEmail></authorEmail>
	<authorUrl></authorUrl>
	<version>2.1</version>
	<description>Paypal Adaptive payment plugin for jGive</description>
	<files>
		<filename plugin="adaptive_paypal">adaptive_paypal.php</filename>
		<folder>adaptive_paypal</folder>
	</files>
	<languages> 
		<language tag="en-GB">en-GB/en-GB.plg_payment_adaptive_paypal.ini</language>
	</languages>
		
		
		<params>
  		<param name="business" type="text" default="" label="PAYPAL_EMAIL" description="PAYPAL_EMAIL_DESC"/>
  		
  		<param type="spacer" />
		<param name="sandbox" type="radio" default="0" label="PAYPAL_SANDBOX" description="PAYPAL_SANDBOX_DESC">
		  <option value="0">NO</option>
		  <option value="1">YES</option>
		</param>
		<param name="secure_post" type="radio" default="1"  label="secure post(use	https)?" description="Use https for secure post">
			<option value="0">NO</option>
			<option value="1">YES</option>
		</param>
		<!--<param type="spacer" label=""/> 
			<param name="apiuser" type="text" default="" label="API_USER" description="API_USER_DESC"/>		
			<param name="apipass" type="text" default="" label="API_PASS" description="API_PASS_DESC"/>		
			<param name="apisign" type="text" default="" label="API_SIGN" description="API_SIGN_DESC"/>		
						<param name="apiend" type="text" default="" label="API_END" description="API_END_DESC"/>		
			<param name="apiv" type="text" default="" label="API_VER" description="API_VER_DESC"/>	-->
		<param name="plugin_name" type="text" default="Paypal" label="PLG_NAME" description="" />
		<param name="plugin_hidname" type="hidden" default="adaptive_paypal" />
	</params>
	
	<!-- Fields for Joomla 1.6.x and onwards -->
 	<config>
		<fields name="params">
			<fieldset name="basic">
						<field name="business" type="text" default="" label="PAYPAL_EMAIL" description="PAYPAL_EMAIL_DESC"/>
						<field name="sandbox" type="radio" default="0" label="PAYPAL_SANDBOX" description="PAYPAL_SANDBOX_DESC">
						<option value="0">NO</option>
						<option value="1">YES</option>
						</field>
						<field name="secure_post" type="radio" default="1"  label="secure post(use	https)?" description="Use https for secure post">
							<option value="0">NO</option>
							<option value="1">YES</option>
						</field>
						<field name="plugin_name" type="text" default="Paypal Adaptive Payment" label="PLG_NAME" description="" />
						<field name="plugin_hidname" type="hidden" default="paypal" />
				</fieldset>			
			<fieldset name="apifields"   label="Paypal API Field For Masspayment">
					<field name="apiuser" type="text" default="" label="API_USER" description="API_USER_DESC"/>		
					<field name="apipass" type="text" default="" label="API_PASS" description="API_PASS_DESC"/>		
					<field name="apisign" type="text" default="" label="API_SIGN" description="API_SIGN_DESC"/>		
					<field name="apiid" type="text" default="" label="API_ID" description="API_ID_DESC"/>
					<field name="apiend" type="text" default="" label="API_END" description="API_END_DESC"/>
					<field name="apiv" type="text" default="" label="API_VER" description="API_VER_DESC"/>
			</fieldset>
		</fields>
	</config>
</extension>
